outcome,trained_under,model,calibration,n,events,prevalence,auroc,auprc,sens_alert,ppv_alert,rate_alert,sens_s80,ppv_s80,rate_s80,cal_intercept,cal_slope,ici,brier,mean_pred
LBW,MCAR,B1_teacher_meanimp,raw,100000,9303,0.09303,0.6788026437192536,0.19762001366243176,0.2558314522197141,0.2410126582278481,0.09875,0.7952273460174137,0.12178579659566062,0.60746,0.28945787151708824,0.961229370488003,0.019761517887281428,0.0810549057938662,0.07219982088017263
LBW,MCAR,B2_teacher_iterimp,raw,100000,9303,0.09303,0.6704317608539143,0.18165691925372102,0.2455122003654735,0.23279991845887268,0.09811,0.7960872836719338,0.11957311461646512,0.61937,0.23658144114463614,0.8618530129137071,0.018382622059534986,0.081652245488506,0.07575283641245091
LBW,MCAR,B3_pooled,raw,100000,9303,0.09303,0.6819574268639099,0.1962865082657123,0.24830699774266365,0.23880905613563527,0.09673,0.7964097602923788,0.1240996951525912,0.59702,0.2906040608357914,0.992369546572856,0.01961359160285821,0.08110037780399118,0.07207811345210856
LBW,MCAR,KD_pooled,raw,100000,9303,0.09303,0.6840098510396614,0.20053249262654876,0.2511017951198538,0.24330798875117177,0.09601,0.7950123616037837,0.12361484848991326,0.59831,0.278504492086701,1.0072773793994092,0.01903583140890897,0.08090425548515204,0.07285780975688719
LBW,MCAR,B4_logistic_pooled,raw,100000,9303,0.09303,0.6552807925549018,0.1811364439228188,0.22938836934322263,0.22524804728731265,0.09474,0.7887778136085134,0.11619584494552825,0.63152,0.35589179175643704,1.0210497704014725,0.024385548908828103,0.08223727107923956,0.06773616238918272
LBW,MAR,B1_teacher_meanimp,raw,100000,9303,0.09303,0.6788026437192536,0.19762001366243176,0.2558314522197141,0.2410126582278481,0.09875,0.7952273460174137,0.12178579659566062,0.60746,0.28945787151708824,0.961229370488003,0.019761517887281428,0.0810549057938662,0.07219982088017263
LBW,MAR,B2_teacher_iterimp,raw,100000,9303,0.09303,0.6705212863351573,0.1817023413196484,0.24561969257228852,0.23299683899255633,0.09807,0.7965172524991938,0.1196319018404908,0.6194,0.23673963041618973,0.8622038528034868,0.01837676747932696,0.08165023266046284,0.07574205176051656
LBW,MAR,B3_pooled,raw,100000,9303,0.09303,0.6839419266363087,0.1979701533623317,0.24776953670858862,0.23893438374624235,0.09647,0.8012469095990541,0.12455510067674827,0.59845,0.248888012836523,1.0435159713119353,0.01696218439048238,0.08094365516785379,0.07474254711969726
LBW,MAR,KD_pooled,raw,100000,9303,0.09303,0.6856738759594498,0.20190488519288713,0.25561646780608405,0.24497785103533531,0.09707,0.7975921745673439,0.12413839255838854,0.59772,0.2628112252217132,1.0236643169708741,0.017866411181164953,0.08080176545969207,0.07387605310560547
LBW,MAR,B4_logistic_pooled,raw,100000,9303,0.09303,0.655228410000277,0.18145079883693802,0.23164570568633774,0.2262704745905082,0.09524,0.7899602278834784,0.11607960827673354,0.6331,0.28476793002153117,1.0248059372256972,0.019969714236199948,0.0819671017714252,0.07222836650775767
LBW,MARx5,B1_teacher_meanimp,raw,100000,9303,0.09303,0.6788026437192536,0.19762001366243176,0.2558314522197141,0.2410126582278481,0.09875,0.7952273460174137,0.12178579659566062,0.60746,0.28945787151708824,0.961229370488003,0.019761517887281428,0.0810549057938662,0.07219982088017263
LBW,MARx5,B2_teacher_iterimp,raw,100000,9303,0.09303,0.6703536842046927,0.18173107878218028,0.24518972374502848,0.2325889670643418,0.09807,0.7963022680855638,0.11972718751010117,0.61874,0.2376341388702763,0.8628107552322358,0.01838430677691222,0.08165033555242951,0.07567956103434138
LBW,MARx5,B3_pooled,raw,100000,9303,0.09303,0.6805671303622598,0.1965316758810564,0.2528216704288939,0.2418508997429306,0.09725,0.7957648070514888,0.1221214120752227,0.6062,0.2415761506933698,1.0114789845857748,0.016664557918514292,0.08095903386719898,0.07525870220417631
LBW,MARx5,KD_pooled,raw,100000,9303,0.09303,0.6841407155748278,0.20056690019297402,0.25378910029022894,0.24415718717683557,0.0967,0.7914651187788885,0.12426165322172343,0.59254,0.2584544329041603,1.0103640603566564,0.017723057430978816,0.08083009998671342,0.07417139822232519
LBW,MARx5,B4_logistic_pooled,raw,100000,9303,0.09303,0.6523320557941975,0.17999554088651154,0.22842093948188757,0.2237313118551274,0.09498,0.7895302590562184,0.11539670070699136,0.6365,0.2924252350436305,1.0277397004668423,0.02057160960606257,0.08207586574526417,0.07170724903581377
PTB,MCAR,B1_teacher_meanimp,raw,100000,11710,0.1171,0.6755873301621598,0.2508220491793993,0.26336464560204953,0.3099497487437186,0.0995,0.7888983774551666,0.1490889724513016,0.61963,0.32536691015364194,0.9557660381624038,0.028949342555268084,0.09812873910185294,0.08903846905921385
PTB,MCAR,B2_teacher_iterimp,raw,100000,11710,0.1171,0.6681244572003274,0.22841119275590188,0.25661827497865075,0.30188868796463736,0.09954,0.786934244235696,0.14737397645854658,0.62528,0.27829018774224984,0.8421416678201973,0.028434057043890817,0.09925742537382096,0.0929401605548112
PTB,MCAR,B3_pooled,raw,100000,11710,0.1171,0.6796671616970663,0.24983926959729763,0.26268146883005977,0.30704731483330006,0.10018,0.7878736122971819,0.15181333508852762,0.60772,0.28951541490432714,0.9975457010490796,0.02639464304379338,0.09803555159407522,0.09170170673258299
PTB,MCAR,KD_pooled,raw,100000,11710,0.1171,0.6842767599089987,0.25425894394322385,0.26490179333902647,0.3076465337697114,0.10083,0.7932536293766012,0.15333949618673445,0.60578,0.29876067929924316,1.0105004042153436,0.027170544247138106,0.09782853589905208,0.09099785641523754
PTB,MCAR,B4_logistic_pooled,raw,100000,11710,0.1171,0.6545092481602482,0.2324570630658493,0.25081127241673784,0.29499799116110886,0.09956,0.7877882152006832,0.1422074919068907,0.6487,0.35742338770334936,1.0375526101267527,0.032250560314151744,0.09979787372169656,0.08607768871890854
PTB,MAR,B1_teacher_meanimp,raw,100000,11710,0.1171,0.6755873301621598,0.2508220491793993,0.26336464560204953,0.3099497487437186,0.0995,0.7888983774551666,0.1490889724513016,0.61963,0.32536691015364194,0.9557660381624038,0.028949342555268084,0.09812873910185294,0.08903846905921385
PTB,MAR,B2_teacher_iterimp,raw,100000,11710,0.1171,0.6681750034022459,0.22849008543858618,0.256532877882152,0.3016367105131037,0.09959,0.7870196413321947,0.14737818431867974,0.62533,0.2784434867423336,0.8425887460738477,0.028429933680324405,0.09925182830474003,0.09292735121706715
PTB,MAR,B3_pooled,raw,100000,11710,0.1171,0.6828639486615367,0.25236888275739405,0.26575576430401365,0.31182364729458917,0.0998,0.7964987190435525,0.15200951791127482,0.61358,0.26750575119033543,1.0042334212975073,0.024591566007206727,0.0977469379643844,0.09346837246178542
PTB,MAR,KD_pooled,raw,100000,11710,0.1171,0.6855180452508856,0.2557078894364948,0.26567036720751497,0.31044805907594053,0.10021,0.7909479077711358,0.15436666666666668,0.6,0.2917651468470222,1.004611693357081,0.026553059471741233,0.09768282180084997,0.09158757052166365
PTB,MAR,B4_logistic_pooled,raw,100000,11710,0.1171,0.6519205786690646,0.2305487666021328,0.24944491887275833,0.29172076300808947,0.10013,0.7880444064901794,0.1415923772114219,0.65173,0.2989012896489864,1.0119358190978047,0.027535078058771627,0.09952557136554063,0.09062227016051475
PTB,MARx5,B1_teacher_meanimp,raw,100000,11710,0.1171,0.6755873301621598,0.2508220491793993,0.26336464560204953,0.3099497487437186,0.0995,0.7888983774551666,0.1490889724513016,0.61963,0.32536691015364194,0.9557660381624038,0.028949342555268084,0.09812873910185294,0.08903846905921385
PTB,MARx5,B2_teacher_iterimp,raw,100000,11710,0.1171,0.6684216950022726,0.22866084286849217,0.2561058923996584,0.3011951390981219,0.09957,0.7861656703672075,0.14753441561563488,0.62399,0.27936017254617496,0.8442129790611153,0.028452047053533575,0.0992394099727252,0.09285124838067252
PTB,MARx5,B3_pooled,raw,100000,11710,0.1171,0.6818001275588298,0.25087309027917826,0.26345004269854827,0.31026853062456,0.09943,0.7912894961571306,0.15272535478235072,0.60671,0.297364866144695,0.9905708539711834,0.02715602653707031,0.09796502830793154,0.09113078108471744
PTB,MARx5,KD_pooled,raw,100000,11710,0.1171,0.6856219494041791,0.25541858737073464,0.2658411614005124,0.31033795234772205,0.10031,0.7883005977796755,0.1547708867763191,0.59643,0.30190146335338924,0.9995148691901936,0.027414882479608285,0.09774174452781706,0.09080850453476505
PTB,MARx5,B4_logistic_pooled,raw,100000,11710,0.1171,0.6542198198062262,0.2326163441042669,0.25081127241673784,0.2948795180722892,0.0996,0.7872758326216909,0.14171957387280748,0.65051,0.33655370879439267,1.0382153592104026,0.0306929569831133,0.09967112739054446,0.08766653680060553
