outcome,mechanism,state,model,auroc_lo,auroc_hi,sens_alert_lo,sens_alert_hi,ppv_alert_lo,ppv_alert_hi
LBW,MCAR,Montana,T_oracle,0.6795773999181308,0.6883469435686567,0.25443571844095403,0.2667339296102385,0.17595787255880566,0.18530645878999474
LBW,MCAR,Montana,B1_teacher_meanimp,0.6796570945390165,0.688354564897046,0.25443571844095403,0.2667339296102385,0.1759843741165951,0.18536242467266562
LBW,MCAR,Montana,B2_teacher_iterimp,0.6786069122361269,0.6878332288321702,0.2529032140779523,0.2665139616055846,0.1755279481794892,0.18492548083771052
LBW,MCAR,Montana,B3_pooled,0.6786328169587037,0.6875999809618424,0.25522105875509016,0.2693517306573589,0.17602265943491918,0.18689878629131604
LBW,MCAR,Montana,KD_pooled,0.6793632542993414,0.6885472017599343,0.255070171611402,0.26884816753926705,0.1777418187022468,0.18732046473134387
LBW,MCAR,Montana,B4_logistic_pooled,0.6506671186662027,0.6605281080297126,0.23886343804537521,0.25401032577079696,0.16212273405388652,0.17159603269382767
LBW,MCAR,Montana,B3_state,0.6783327664610722,0.6876994903874516,0.2534104130308319,0.2674738219895288,0.17594426462826435,0.1856630125019545
LBW,MCAR,Montana,KD_state,0.6797758306606566,0.6884165176395677,0.25493928155904594,0.2681173647469459,0.17654184584206858,0.18603899446947011
LBW,MCAR,Montana,DIFF_KDstate_minus_B3state,0.00024678700552839273,0.0014757714566445285,,,-0.0013755390506258575,0.0027266264485831227
LBW,MCAR,Oregon,T_oracle,0.6795773999181308,0.6883469435686567,0.25443571844095403,0.2667339296102385,0.17595787255880566,0.18530645878999474
LBW,MCAR,Oregon,B1_teacher_meanimp,0.6792361586644365,0.687928411738734,0.25413757998836534,0.2667266579406632,0.17618122031186004,0.18491708162284942
LBW,MCAR,Oregon,B2_teacher_iterimp,0.6778916112139393,0.6870632468102418,0.25239056137289123,0.26563772542175684,0.1750944892931974,0.18411059917810513
LBW,MCAR,Oregon,B3_pooled,0.6778622056475414,0.6867815180469652,0.2545738801628854,0.2694189936009308,0.17621780111593266,0.18660381204324045
LBW,MCAR,Oregon,KD_pooled,0.6789490870894936,0.687989520031257,0.2547265852239674,0.26912994473531127,0.17811077478918805,0.18778349430887809
LBW,MCAR,Oregon,B4_logistic_pooled,0.6504689772611479,0.6600262124453686,0.23827625072716696,0.2528377690517743,0.1622579955029307,0.17140184616541546
LBW,MCAR,Oregon,B3_state,0.6780460588932241,0.6870108494028063,0.2524650959860384,0.26709387725421757,0.1758615955954356,0.1857554423620904
LBW,MCAR,Oregon,KD_state,0.6789657696059934,0.6880172607969128,0.25580097440372307,0.2699316463059918,0.17746420950850192,0.18703296441557726
LBW,MCAR,Oregon,DIFF_KDstate_minus_B3state,0.00043510819842804973,0.001544374578429836,,,-0.0002614004213974612,0.0028758472499329705
LBW,MCAR,Washington,T_oracle,0.6795773999181308,0.6883469435686567,0.25443571844095403,0.2667339296102385,0.17595787255880566,0.18530645878999474
LBW,MCAR,Washington,B1_teacher_meanimp,0.6773120344287473,0.6865422085551549,0.2524723676556137,0.2656395433391507,0.1737718712832862,0.18283273343021142
LBW,MCAR,Washington,B2_teacher_iterimp,0.6762273710699267,0.6856601886184521,0.24970367946480512,0.2636743746364165,0.17303441686303786,0.18236489050930538
LBW,MCAR,Washington,B3_pooled,0.6765855692241454,0.686151658693294,0.2534794938917976,0.26767015706806285,0.1747480536717833,0.1846499116238187
LBW,MCAR,Washington,KD_pooled,0.677718624023658,0.6870855111056051,0.2537612710878418,0.26716841186736473,0.17583034692711597,0.18549942964193408
LBW,MCAR,Washington,B4_logistic_pooled,0.6499558052020123,0.6599091339161676,0.23886525596276906,0.25343768179173937,0.1617461666100109,0.17132339963191995
LBW,MCAR,Washington,B3_state,0.6769672411020139,0.6865136601228309,0.25071262361838276,0.26505780977312393,0.17421667935747953,0.1845366066034831
LBW,MCAR,Washington,KD_state,0.6779364306794529,0.6872094380301033,0.2544284467713787,0.26832642524723677,0.17618044645011946,0.18518821506836824
LBW,MCAR,Washington,DIFF_KDstate_minus_B3state,8.948728824642871e-05,0.0014118588805209194,,,-0.00026598068716556026,0.0036864896938474303
LBW,MAR,Montana,T_oracle,0.6795773999181308,0.6883469435686567,0.25443571844095403,0.2667339296102385,0.17595787255880566,0.18530645878999474
LBW,MAR,Montana,B1_teacher_meanimp,0.6796820930212611,0.688492825651396,0.2546538685282141,0.2673792902850494,0.1761744361950696,0.18535117510159851
LBW,MAR,Montana,B2_teacher_iterimp,0.678569280131839,0.6877477749773759,0.253125,0.2666575770796975,0.1756211584247464,0.18481291378129755
LBW,MAR,Montana,B3_pooled,0.6784234094740403,0.6878243696863964,0.2544339005235602,0.2682555264688773,0.17715632551208602,0.1865140300799251
LBW,MAR,Montana,KD_pooled,0.6792567931122503,0.6881828334155765,0.255375581733566,0.2687681791739383,0.17728219252900138,0.18717672056941176
LBW,MAR,Montana,B4_logistic_pooled,0.6508423422361138,0.6605864950780892,0.23871982257126237,0.2536431064572426,0.1617554882562149,0.17111480170328838
LBW,MAR,Montana,B3_state,0.6786900388681296,0.6878844699829237,0.25247054973821986,0.26709387725421757,0.1758637630177797,0.18574001567582726
LBW,MAR,Montana,KD_state,0.679315320642007,0.6883127453007434,0.25566281268179175,0.26906268179173937,0.17718099049303776,0.18692545475548566
LBW,MAR,Montana,DIFF_KDstate_minus_B3state,0.00019131730910790234,0.0012730423840761201,,,-0.0005072367105289202,0.0032113459308985405
LBW,MAR,Oregon,T_oracle,0.6795773999181308,0.6883469435686567,0.25443571844095403,0.2667339296102385,0.17595787255880566,0.18530645878999474
LBW,MAR,Oregon,B1_teacher_meanimp,0.6791215841883846,0.6881402383093473,0.25399941826643396,0.26672484002326935,0.17582902749638238,0.18495092515372485
LBW,MAR,Oregon,B2_teacher_iterimp,0.6780741220608412,0.6873925994592828,0.2514506980802792,0.2651977894124491,0.174939252482189,0.1842009849623761
LBW,MAR,Oregon,B3_pooled,0.678060812927603,0.6873439100282283,0.2529086678301338,0.2668848167539267,0.1761579814658851,0.1857573018837549
LBW,MAR,Oregon,KD_pooled,0.6789823164775574,0.6880077402295651,0.25341586678301337,0.2666575770796975,0.17674061976364852,0.18607334566573788
LBW,MAR,Oregon,B4_logistic_pooled,0.6504563250253829,0.6601999689035863,0.23856348167539268,0.25305591913903436,0.16142615925780196,0.17067454385026518
LBW,MAR,Oregon,B3_state,0.6776829857935359,0.6875399453741085,0.2523960151250727,0.26643760907504366,0.17546855908375106,0.18489298378261024
LBW,MAR,Oregon,KD_state,0.6790144619799096,0.6881321689290535,0.2533376963350786,0.2667993746364165,0.17650301848610217,0.1861741658356905
LBW,MAR,Oregon,DIFF_KDstate_minus_B3state,0.000570947782911041,0.0017431123888023176,,,-0.0008616214159228406,0.00297418817752102
LBW,MAR,Washington,T_oracle,0.6795773999181308,0.6883469435686567,0.25443571844095403,0.2667339296102385,0.17595787255880566,0.18530645878999474
LBW,MAR,Washington,B1_teacher_meanimp,0.6760755880371659,0.6851661560236579,0.2519415357766143,0.2651977894124491,0.17402107187965166,0.1830546552475273
LBW,MAR,Washington,B2_teacher_iterimp,0.6755211094157261,0.684320719004945,0.24933282431646306,0.2630181064572426,0.17299942751320124,0.1817313456600464
LBW,MAR,Washington,B3_pooled,0.6760008068288067,0.6851600484388739,0.25123436591041304,0.2653559482257126,0.17452853290172615,0.18413389170597658
LBW,MAR,Washington,KD_pooled,0.677139687855033,0.6860131157219294,0.25239056137289123,0.2655650087260035,0.17495195128906083,0.18402991290366089
LBW,MAR,Washington,B4_logistic_pooled,0.6489945070764267,0.6589104372558051,0.2368310063990692,0.2515325043630018,0.16037789891799914,0.17007852479053825
LBW,MAR,Washington,B3_state,0.6761994739958587,0.6854258689413228,0.25050901687027344,0.2654904741128563,0.17404932974486373,0.18396490366861712
LBW,MAR,Washington,KD_state,0.6770666666145833,0.6863377808560169,0.2513052646887725,0.26521051483420593,0.17528093103255002,0.18527294364966346
LBW,MAR,Washington,DIFF_KDstate_minus_B3state,0.00011118766201869135,0.0012729074907167322,,,-0.0010778878740262008,0.0026544518135332386
LBW,MARx5,Montana,T_oracle,0.6795773999181308,0.6883469435686567,0.25443571844095403,0.2667339296102385,0.17595787255880566,0.18530645878999474
LBW,MARx5,Montana,B1_teacher_meanimp,0.6791976674983297,0.6880095573807412,0.2537030977312391,0.26650850785340313,0.17580935050994745,0.184967772929558
LBW,MARx5,Montana,B2_teacher_iterimp,0.6781268934362014,0.6872496441085661,0.25224149214659686,0.26577952297847585,0.175214327829505,0.18455233471169094
LBW,MARx5,Montana,B3_pooled,0.6784425548338655,0.6876009875034885,0.25559373182082606,0.26963532577079696,0.17714908705550542,0.18698072064532
LBW,MARx5,Montana,KD_pooled,0.6792134411244577,0.6879366591304343,0.25457206224549156,0.2678955788248982,0.17684560418722528,0.1865140026850756
LBW,MARx5,Montana,B4_logistic_pooled,0.6504931823029957,0.6602684470928426,0.23872527632344387,0.2534922193135544,0.16171481215929936,0.1713601094081146
LBW,MARx5,Montana,B3_state,0.6784450530598558,0.6874973677298344,0.25522469458987784,0.26862819953461314,0.17724056735930613,0.18717785410747234
LBW,MARx5,Montana,KD_state,0.6792519581418714,0.6883004684530901,0.2558100639906923,0.26963896160558465,0.1774642342628624,0.1869087337320535
LBW,MARx5,Montana,DIFF_KDstate_minus_B3state,0.00030337385712556064,0.0014821947231234648,,,-0.0015614516881649978,0.001804886942592041
LBW,MARx5,Oregon,T_oracle,0.6795773999181308,0.6883469435686567,0.25443571844095403,0.2667339296102385,0.17595787255880566,0.18530645878999474
LBW,MARx5,Oregon,B1_teacher_meanimp,0.6774005674733663,0.6869427313944366,0.25260871146015124,0.2662958115183246,0.17457346992340697,0.18348979695356055
LBW,MARx5,Oregon,B2_teacher_iterimp,0.6757781171944572,0.6856210360893358,0.24969277196044212,0.26280359220477023,0.17320267733832181,0.18212583436334548
LBW,MARx5,Oregon,B3_pooled,0.6771878652476842,0.6862443792494494,0.25275596276905177,0.2656431791739383,0.17606453341571357,0.18570905032179724
LBW,MARx5,Oregon,KD_pooled,0.6776857819122815,0.687188454211417,0.25210696625945317,0.26470513379872024,0.17611393952296284,0.18528927297261508
LBW,MARx5,Oregon,B4_logistic_pooled,0.649733041015168,0.6600663615845833,0.2360293048283886,0.25080715532286213,0.15983096265110516,0.16923880634087793
LBW,MARx5,Oregon,B3_state,0.6773036076640178,0.6864538730580542,0.25173792902850495,0.26665575916230366,0.174538025166875,0.18442052651625915
LBW,MARx5,Oregon,KD_state,0.6778129051749472,0.6870647061084666,0.25210696625945317,0.2652723240255963,0.17513784954759037,0.18479543976924248
LBW,MARx5,Oregon,DIFF_KDstate_minus_B3state,5.6150580900271586e-05,0.0012515939690393527,,,-0.0014304113301395638,0.002132630308506164
LBW,MARx5,Washington,T_oracle,0.6795773999181308,0.6883469435686567,0.25443571844095403,0.2667339296102385,0.17595787255880566,0.18530645878999474
LBW,MARx5,Washington,B1_teacher_meanimp,0.6681676823223017,0.6776836172252513,0.2400341768470041,0.25509016870273415,0.16597834073789652,0.17627848622099745
LBW,MARx5,Washington,B2_teacher_iterimp,0.6672032326993655,0.6763614061970695,0.23791812100058174,0.25189426992437464,0.16407809784745034,0.17360792443040723
LBW,MARx5,Washington,B3_pooled,0.6690778638343531,0.6787247965530546,0.23871800465386853,0.252272396742292,0.1663008699094724,0.17610033826660576
LBW,MARx5,Washington,KD_pooled,0.6704464140110611,0.6800289806064407,0.24130490110529376,0.2553846713205352,0.1682601561135528,0.1782927457950263
LBW,MARx5,Washington,B4_logistic_pooled,0.6453908832026782,0.6553943282599938,0.2325425392670157,0.2481839005235602,0.15719569532095048,0.1673103563435404
LBW,MARx5,Washington,B3_state,0.6694034933534719,0.6785238328119196,0.24032322571262363,0.25510834787667247,0.16642210211920794,0.17682877685130158
LBW,MARx5,Washington,KD_state,0.6704634582408828,0.6796408307775745,0.24185027632344386,0.2566172193135544,0.1680063120491395,0.1772782373268017
LBW,MARx5,Washington,DIFF_KDstate_minus_B3state,0.0006052974349456785,0.001855416776525687,,,-0.000650460521741085,0.002826731592076532
PTB,MCAR,Montana,T_oracle,0.6681392351119546,0.6760421647921072,0.2654807861028251,0.2781204304848804,0.2232980832889946,0.23362295493860835
PTB,MCAR,Montana,B1_teacher_meanimp,0.6681478518339465,0.6760929740687363,0.2651342340761537,0.2777183131543546,0.22319550939758592,0.2333534071131684
PTB,MCAR,Montana,B2_teacher_iterimp,0.6666606513147215,0.6745542041618748,0.2638386851494414,0.27731034684447564,0.222874067183479,0.23282106640190825
PTB,MCAR,Montana,B3_pooled,0.6661922983774867,0.6743321085035949,0.2661051646487688,0.27761156928116043,0.2220409897926887,0.23190268488528276
PTB,MCAR,Montana,KD_pooled,0.6674571823143691,0.6753632521757653,0.2659984207755747,0.27807510089489385,0.22297228913954042,0.23309572357208092
PTB,MCAR,Montana,B4_logistic_pooled,0.6401722735198345,0.6483305819349497,0.24956425103819385,0.2622726209276481,0.2103480844245635,0.22044612705713135
PTB,MCAR,Montana,B3_state,0.6667989138700882,0.6747471428165333,0.26507281979294617,0.2787053284201907,0.22296677728568104,0.23278354169892324
PTB,MCAR,Montana,KD_state,0.6677246281768315,0.6754989240219462,0.26418962391062756,0.27718898052289875,0.22190869414438252,0.23271541319207772
PTB,MCAR,Montana,DIFF_KDstate_minus_B3state,7.789448358564155e-05,0.0012534754803171515,,,-0.0017459111583622308,0.0010626874492720715
PTB,MCAR,Oregon,T_oracle,0.6681392351119546,0.6760421647921072,0.2654807861028251,0.2781204304848804,0.2232980832889946,0.23362295493860835
PTB,MCAR,Oregon,B1_teacher_meanimp,0.667259442574657,0.6755531360200138,0.2648885769433234,0.2773629876586535,0.2224943330389651,0.23256254985774494
PTB,MCAR,Oregon,B2_teacher_iterimp,0.6660115537973209,0.6740610822026983,0.26331081476282386,0.2769608703281277,0.2220088060159704,0.23180148340864218
PTB,MCAR,Oregon,B3_pooled,0.6657680665554684,0.6738281109550299,0.26574545241855296,0.27759840907761596,0.22208205164597558,0.2318039154646729
PTB,MCAR,Oregon,KD_pooled,0.6668614806295642,0.6749133438434859,0.2659428554717202,0.27824033456161895,0.223166031648585,0.23315503775739274
PTB,MCAR,Oregon,B4_logistic_pooled,0.6397670710192285,0.6478573488136283,0.2493917061472773,0.26192168216646194,0.21031629723551673,0.22057280328033396
PTB,MCAR,Oregon,B3_state,0.6653886261837907,0.6737817551802066,0.2661256360765047,0.27894367432882966,0.22285263542821054,0.23233934002143558
PTB,MCAR,Oregon,KD_state,0.6672613507768692,0.6750231934010232,0.26448792185763587,0.2768541264549336,0.22277991745973857,0.2330342963028176
PTB,MCAR,Oregon,DIFF_KDstate_minus_B3state,0.0007253296781258994,0.00196806824019633,,,-0.001514834492556811,0.0017347970758347384
PTB,MCAR,Washington,T_oracle,0.6681392351119546,0.6760421647921072,0.2654807861028251,0.2781204304848804,0.2232980832889946,0.23362295493860835
PTB,MCAR,Washington,B1_teacher_meanimp,0.6659509580979658,0.6738765595924114,0.26458735450663856,0.27713049072936774,0.2217643221886188,0.23204265409183847
PTB,MCAR,Washington,B2_teacher_iterimp,0.6647413801345928,0.672347699269804,0.26273176580686675,0.2754883897759841,0.22143363464137505,0.2316798939019672
PTB,MCAR,Washington,B3_pooled,0.6645371126540462,0.672818615014908,0.2655158799789437,0.27765397438147044,0.2213285593316321,0.23134782160086886
PTB,MCAR,Washington,KD_pooled,0.6657695724630688,0.6737171387292638,0.26477598409077613,0.27730303562028424,0.22094997187433468,0.2318518326210283
PTB,MCAR,Washington,B4_logistic_pooled,0.6389919072594547,0.6473398442897275,0.2501549979528572,0.2619816342048313,0.2101210948115235,0.2202556970583501
PTB,MCAR,Washington,B3_state,0.6650959130650187,0.6729447726360911,0.26483739837398373,0.2774229396970229,0.22097996644888723,0.23079869581922188
PTB,MCAR,Washington,KD_state,0.66626550144658,0.6740062406342096,0.2647774463356144,0.276776627478505,0.22138883169155896,0.23147071157134647
PTB,MCAR,Washington,DIFF_KDstate_minus_B3state,0.0005739305913631615,0.001695977608006755,,,-0.0014243995016547223,0.0016879276731245662
PTB,MAR,Montana,T_oracle,0.6681392351119546,0.6760421647921072,0.2654807861028251,0.2781204304848804,0.2232980832889946,0.23362295493860835
PTB,MAR,Montana,B1_teacher_meanimp,0.6681808099882066,0.676067564195927,0.2652482891735392,0.27789085804527114,0.22330783209451247,0.23354083184712116
PTB,MAR,Montana,B2_teacher_iterimp,0.6667696415876609,0.6745355070020375,0.2636676025033632,0.27743025092121426,0.22277057605862285,0.23275635225220836
PTB,MAR,Montana,B3_pooled,0.6661992671150171,0.6745235184459238,0.26483739837398373,0.2776627478505001,0.22174764046329382,0.23146986998493127
PTB,MAR,Montana,KD_pooled,0.66768996712688,0.6755226334694099,0.2652482891735392,0.2782958998654735,0.22232318097487772,0.2334486412634489
PTB,MAR,Montana,B4_logistic_pooled,0.6403912064119947,0.6484545293281659,0.24933760308826108,0.26191729543194714,0.20991306935119983,0.22005957029071685
PTB,MAR,Montana,B3_state,0.6664480984023411,0.6743865177016116,0.2656591799730947,0.27783529274141666,0.22173949623086778,0.23181153410065525
PTB,MAR,Montana,KD_state,0.6678548111425269,0.6755760383919185,0.2657147452769492,0.2777768029478856,0.22288924254932901,0.23311606266346385
PTB,MAR,Montana,DIFF_KDstate_minus_B3state,0.0005446874214413672,0.0016678169811826017,,,-0.0006119542333953363,0.002522690623917122
PTB,MAR,Oregon,T_oracle,0.6681392351119546,0.6760421647921072,0.2654807861028251,0.2781204304848804,0.2232980832889946,0.23362295493860835
PTB,MAR,Oregon,B1_teacher_meanimp,0.6675816796313403,0.6756084997308608,0.26484032286366027,0.27690091828975844,0.22250326469046383,0.2325372178517681
PTB,MAR,Oregon,B2_teacher_iterimp,0.6660901080031372,0.6740105440445208,0.2628399719248991,0.27549131426566065,0.22220848540994578,0.2320788844200516
PTB,MAR,Oregon,B3_pooled,0.6657531349341168,0.6741798445319843,0.26400538106100485,0.2761390887290168,0.22129665493299647,0.23141207769091146
PTB,MAR,Oregon,KD_pooled,0.6672397226037238,0.6751504590242561,0.26471603205240685,0.2768321927823595,0.2220379476529103,0.23297248117355962
PTB,MAR,Oregon,B4_logistic_pooled,0.6400538374720609,0.648258253859935,0.24951014797917764,0.2617432882961923,0.20989526650140725,0.21978499153043515
PTB,MAR,Oregon,B3_state,0.6657573746151029,0.6737703810326671,0.2645391004269755,0.276776627478505,0.2218063119867685,0.23178109455806745
PTB,MAR,Oregon,KD_state,0.6670068794063092,0.6749288082600622,0.26425542492835,0.2763671989237878,0.22169759034147055,0.232190518470574
PTB,MAR,Oregon,DIFF_KDstate_minus_B3state,0.0005992574917332183,0.0018696597493873368,,,-0.0016505525833599329,0.0015306172933787347
PTB,MAR,Washington,T_oracle,0.6681392351119546,0.6760421647921072,0.2654807861028251,0.2781204304848804,0.2232980832889946,0.23362295493860835
PTB,MAR,Washington,B1_teacher_meanimp,0.6649058571799737,0.6735522455545352,0.26220535766508746,0.27485085102649587,0.22042546026676763,0.23017168463742152
PTB,MAR,Washington,B2_teacher_iterimp,0.6632156627713681,0.6716165735448798,0.26091565771772823,0.2739691173890156,0.22029353598562496,0.2307410887008718
PTB,MAR,Washington,B3_pooled,0.6634622949832572,0.6720787547109123,0.25932619757852254,0.27246008071591504,0.21847763936599696,0.22904113132261075
PTB,MAR,Washington,KD_pooled,0.6650527631194787,0.6734440645037172,0.2628414341697374,0.2757311224191379,0.22082138154828085,0.23107166470976737
PTB,MAR,Washington,B4_logistic_pooled,0.6384211858631211,0.6468647022146968,0.2479279990641633,0.26069193425747206,0.2081109601916531,0.21900180484988274
PTB,MAR,Washington,B3_state,0.6641420155785531,0.6723893218501122,0.26079721588582794,0.27350412353044395,0.2193974167301342,0.2296252570746492
PTB,MAR,Washington,KD_state,0.6646713435811086,0.6731275400137328,0.26132508627244544,0.27438731941276245,0.2205415728622673,0.23047901105044363
PTB,MAR,Washington,DIFF_KDstate_minus_B3state,4.441369929411587e-06,0.0012447381830659355,,,-0.0004997437053731498,0.002609643600579651
PTB,MARx5,Montana,T_oracle,0.6681392351119546,0.6760421647921072,0.2654807861028251,0.2781204304848804,0.2232980832889946,0.23362295493860835
PTB,MARx5,Montana,B1_teacher_meanimp,0.6678239673324403,0.6756418837999161,0.26548371059250164,0.27795812130783176,0.22314456688297968,0.23329492367173327
PTB,MARx5,Montana,B2_teacher_iterimp,0.6661418649371869,0.6741458581582498,0.26389571269813417,0.2771363397087208,0.22276538982185637,0.23303887749669697
PTB,MARx5,Montana,B3_pooled,0.666481097405248,0.6743905643558541,0.2661256360765047,0.27777826519272386,0.22270446893248816,0.23326840354415057
PTB,MARx5,Montana,KD_pooled,0.6675073444283569,0.6753276914962316,0.2647204187869217,0.2767166754401357,0.22227441640325057,0.23319421972138615
PTB,MARx5,Montana,B4_logistic_pooled,0.6404914556222042,0.6485052913924096,0.24886529800549803,0.2619187576767854,0.20952308141667256,0.21944045018829283
PTB,MARx5,Montana,B3_state,0.6659420112290496,0.6743380572961104,0.2667631748259929,0.2788266947417676,0.22257797787931663,0.23303295186196238
PTB,MARx5,Montana,KD_state,0.6674163959341171,0.6751749386200058,0.265591916710534,0.27818330701292626,0.2233661255565989,0.2336866095525011
PTB,MARx5,Montana,DIFF_KDstate_minus_B3state,0.0003837563735572869,0.0015017604414770626,,,-0.0007846221845450736,0.0022298524888107896
PTB,MARx5,Oregon,T_oracle,0.6681392351119546,0.6760421647921072,0.2654807861028251,0.2781204304848804,0.2232980832889946,0.23362295493860835
PTB,MARx5,Oregon,B1_teacher_meanimp,0.6662565035638243,0.6740013126061607,0.263613499444347,0.27590512955489266,0.22152593665251863,0.23160119508399435
PTB,MARx5,Oregon,B2_teacher_iterimp,0.6642933751038074,0.6719070197896165,0.26209130256770197,0.27502339591741237,0.22116951487379302,0.2316440259179558
PTB,MARx5,Oregon,B3_pooled,0.6643742225500031,0.6723432357666955,0.2650684330584313,0.2763671989237878,0.2221227614110936,0.23192504723353327
PTB,MARx5,Oregon,KD_pooled,0.6655678237478834,0.6737066775343845,0.2639644382055331,0.27572088670526995,0.22193021701828974,0.23179648883447673
PTB,MARx5,Oregon,B4_logistic_pooled,0.6394451762293533,0.6474703074477975,0.24857431128268118,0.2613938117798444,0.20916267761522225,0.21873991580399463
PTB,MARx5,Oregon,B3_state,0.6639903485672004,0.6721729754379697,0.26560069017956367,0.27706907644616013,0.2217637770818988,0.2312874093338293
PTB,MARx5,Oregon,KD_state,0.6654759894188244,0.6734848080526503,0.2643036790080131,0.27613470199450196,0.22135726657854046,0.23125898873187758
PTB,MARx5,Oregon,DIFF_KDstate_minus_B3state,0.0006199859753368842,0.0018632674018894235,,,-0.00162456631472844,0.0013343585745173368
PTB,MARx5,Washington,T_oracle,0.6681392351119546,0.6760421647921072,0.2654807861028251,0.2781204304848804,0.2232980832889946,0.23362295493860835
PTB,MARx5,Washington,B1_teacher_meanimp,0.6549562059201912,0.6628067329666735,0.25003216938644207,0.26303006375387494,0.21111179943320632,0.2217954550458988
PTB,MARx5,Washington,B2_teacher_iterimp,0.6518543207688154,0.660184179205041,0.25004094285547174,0.2622784699070012,0.2104493437700624,0.22049541778422063
PTB,MARx5,Washington,B3_pooled,0.6549727115115666,0.6629368072171675,0.25161578054629463,0.2633268994560449,0.21207626152045295,0.22180275861128304
PTB,MARx5,Washington,KD_pooled,0.6565407858473289,0.6647364256162827,0.25295958355267006,0.26479353102883546,0.21429033373268247,0.22457863122376845
PTB,MARx5,Washington,B4_logistic_pooled,0.6354027769016577,0.6431913561461923,0.241032052406855,0.25332075802772414,0.20246244054952653,0.21189113264345216
PTB,MARx5,Washington,B3_state,0.6562045177862147,0.6641882927739955,0.25068140609463646,0.26308855354740596,0.21291295617862616,0.22289137149953156
PTB,MARx5,Washington,KD_state,0.6570794257503646,0.6649519366398255,0.2504459846756741,0.262622097443996,0.2126000007212566,0.222425472507632
PTB,MARx5,Washington,DIFF_KDstate_minus_B3state,0.0004050344571329329,0.0016203436187286035,,,-0.0020070943047426153,0.0012204904135497973
