outcome,trained_under,model,auroc_lo,auroc_hi,ppv_alert_lo,ppv_alert_hi
LBW,MCAR,B1_teacher_meanimp,0.6735213085296757,0.6815372989962714,0.23879874298563478,0.24850081892895792
LBW,MCAR,B2_teacher_iterimp,0.6651300530525521,0.6730168872366498,0.22912279608446648,0.23908825360716202
LBW,MCAR,B3_pooled,0.674345436119265,0.6823372540705629,0.23982199511266306,0.25010778865881367
LBW,MCAR,KD_pooled,0.6782849815888187,0.686636116749095,0.2405210269598857,0.250911048607421
LBW,MCAR,B4_logistic_pooled,0.6464557494305453,0.6546591598958068,0.2185229185621491,0.22814184492430775
LBW,MCAR,DIFF_KDpooled_minus_B1_teacher_meanimp,0.0035710276353709464,0.005331380346306308,-0.00018123043471672193,0.004699715254857178
LBW,MCAR,DIFF_KDpooled_minus_B2_teacher_iterimp,0.01166464537408032,0.014545474576448428,0.009071537847166822,0.015261766394014177
LBW,MCAR,DIFF_KDpooled_minus_B3_pooled,0.003300567328889811,0.004769220011920164,-0.0019184754438878611,0.002936459059448141
LBW,MCAR,DIFF_KDpooled_minus_B4_logistic_pooled,0.028605631801066626,0.03399473066778855,0.0179671818631835,0.026322788955816284
LBW,MAR,B1_teacher_meanimp,0.6735213085296757,0.6815372989962714,0.23879874298563478,0.24850081892895792
LBW,MAR,B2_teacher_iterimp,0.6651820147737832,0.6730980747217913,0.22949889180905408,0.2388703246209173
LBW,MAR,B3_pooled,0.6772645413328251,0.684942715866645,0.23931796146586706,0.2498989540634009
LBW,MAR,KD_pooled,0.6792794564970754,0.6870308606407051,0.24170059714768072,0.25107310598326354
LBW,MAR,B4_logistic_pooled,0.6454386057935664,0.6536442628264367,0.21884076391039162,0.22803827723047632
LBW,MAR,DIFF_KDpooled_minus_B1_teacher_meanimp,0.004385938065422881,0.006448854122007258,5.9698804360566804e-05,0.006144149764278677
LBW,MAR,DIFF_KDpooled_minus_B2_teacher_iterimp,0.012682337465912224,0.015505181265356383,0.009679407537540987,0.01608546486544036
LBW,MAR,DIFF_KDpooled_minus_B3_pooled,0.0011653673969563127,0.0028343718304493144,-0.0005340760491849241,0.003928862545513579
LBW,MAR,DIFF_KDpooled_minus_B4_logistic_pooled,0.03088024392798034,0.03598523128717256,0.01948430779514406,0.027659619706895434
LBW,MARx5,B1_teacher_meanimp,0.6735213085296757,0.6815372989962714,0.23879874298563478,0.24850081892895792
LBW,MARx5,B2_teacher_iterimp,0.6652118485822831,0.6732532795674875,0.23025426635258672,0.23942481110925443
LBW,MARx5,B3_pooled,0.6775391790789901,0.6855631719386908,0.2400495060312028,0.24979717731068793
LBW,MARx5,KD_pooled,0.6791376209420479,0.6870104155115658,0.24109922995682925,0.25157407713085234
LBW,MARx5,B4_logistic_pooled,0.6475581363657946,0.6557828962412461,0.21940878938613592,0.2292160563688601
LBW,MARx5,DIFF_KDpooled_minus_B1_teacher_meanimp,0.004318080122413184,0.0062650431824634485,0.0008123717013371071,0.006363546510068224
LBW,MARx5,DIFF_KDpooled_minus_B2_teacher_iterimp,0.012475830651945723,0.01518744616259455,0.009208711234325413,0.015187048601062085
LBW,MARx5,DIFF_KDpooled_minus_B3_pooled,0.0008370748542646716,0.002149464795570455,-0.00021895711665673574,0.003919030008981606
LBW,MARx5,DIFF_KDpooled_minus_B4_logistic_pooled,0.028545689207083717,0.033742395966011175,0.018109641244258436,0.026737063616273343
PTB,MCAR,B1_teacher_meanimp,0.6712959966729846,0.6787025290748114,0.307156351390864,0.3177990418999699
PTB,MCAR,B2_teacher_iterimp,0.664344478014378,0.6715261744114651,0.30164439434125195,0.31224518607957075
PTB,MCAR,B3_pooled,0.6806944817033456,0.6883962370445427,0.3103131488128125,0.32204820499420794
PTB,MCAR,KD_pooled,0.6823870585365369,0.6899568875444748,0.311637308422811,0.32224658284368
PTB,MCAR,B4_logistic_pooled,0.6522588970338229,0.6595378879417192,0.29117443294499135,0.3015382373732746
PTB,MCAR,DIFF_KDpooled_minus_B1_teacher_meanimp,0.00998240834951337,0.012195197661968693,0.0028422439326314082,0.006761219981931445
PTB,MCAR,DIFF_KDpooled_minus_B2_teacher_iterimp,0.017043880245368882,0.01956259908644152,0.007828269088803892,0.013018488865803967
PTB,MCAR,DIFF_KDpooled_minus_B3_pooled,0.0008428943509447145,0.002024008285378276,-0.0008461008880047708,0.0032346993594827007
PTB,MCAR,DIFF_KDpooled_minus_B4_logistic_pooled,0.027868665120776997,0.032477613538071826,0.01691695814387724,0.024518091308076025
PTB,MAR,B1_teacher_meanimp,0.6712959966729846,0.6787025290748114,0.307156351390864,0.3177990418999699
PTB,MAR,B2_teacher_iterimp,0.6643849942356903,0.6716084559057247,0.30163879034359314,0.3122181690560123
PTB,MAR,B3_pooled,0.6783859735485084,0.6859800313570257,0.3096289773010963,0.319606348504336
PTB,MAR,KD_pooled,0.6812161504106892,0.6887669909204929,0.311863588059918,0.3222737642218292
PTB,MAR,B4_logistic_pooled,0.6435140752216194,0.6506282562023507,0.2872550810680498,0.2985935896463351
PTB,MAR,DIFF_KDpooled_minus_B1_teacher_meanimp,0.009127242683789602,0.01081346726562478,0.002447549387515656,0.006270979927721539
PTB,MAR,DIFF_KDpooled_minus_B2_teacher_iterimp,0.015774777970061146,0.018176807088226478,0.007487821491472246,0.012496498410005857
PTB,MAR,DIFF_KDpooled_minus_B3_pooled,0.0021529446397510503,0.0035556103748196816,0.0005340958478832718,0.004281757264621398
PTB,MAR,DIFF_KDpooled_minus_B4_logistic_pooled,0.035623676037462484,0.04084476680938813,0.01941916695827706,0.028220622794045195
PTB,MARx5,B1_teacher_meanimp,0.6712959966729846,0.6787025290748114,0.307156351390864,0.3177990418999699
PTB,MARx5,B2_teacher_iterimp,0.6644699864328787,0.6716249685692308,0.30161978059269207,0.31235940198914386
PTB,MARx5,B3_pooled,0.6812534909132907,0.6890512351693391,0.31005499168127254,0.3213924275632722
PTB,MARx5,KD_pooled,0.6826705912921848,0.6902662135127182,0.31272337632859276,0.32397062220255374
PTB,MARx5,B4_logistic_pooled,0.6507252875983216,0.6581568633350036,0.2908777181090741,0.30122943913926237
PTB,MARx5,DIFF_KDpooled_minus_B1_teacher_meanimp,0.010393933934747301,0.012566186951857053,0.0037934128167235433,0.008226295105608312
PTB,MARx5,DIFF_KDpooled_minus_B2_teacher_iterimp,0.017135121212708503,0.0197216946787957,0.008954470860689925,0.01452914467374785
PTB,MARx5,DIFF_KDpooled_minus_B3_pooled,0.0007107487166335636,0.0019467897312339085,0.0008461788076989607,0.004559501088179549
PTB,MARx5,DIFF_KDpooled_minus_B4_logistic_pooled,0.029795729538275303,0.034523157248858856,0.018813438761833275,0.026306465019631194
